City,Country
New Delhi,India
Tampa,United States
Amsterdam,Netherlands
Frankfurt,Germany
Edinburgh,Scotland
Auckland,New Zealand
Beijing,China
Berlin,Germany
Eindhoven,Netherlands
Dublin,Ireland
Seattle,United States
Los Angeles,United States
Goteborg,Sweden
Brussels,Belgium
San Diego,United States
Hong Kong,China
New York,United States
Honolulu,United States
Buenos Aires,Argentina
Lelystad,Netherlands
Jakarta,Indonesia
Groningen,Netherlands
Hamburg,Germany
Guadalajara,Mexico
Leipzig,Germany
Haarlem,Netherlands
Lille,France
Milan,Italy
London,England
Oslo,Norway
Palermo,Italy
Tokyo,Japan
Seoul,South Korea
Tel Aviv,Israel
Sao Paulo,Brazil
Salzburg,Austria
Prague,Czech Republic
Sydney,Australia
Singapore,Singapore
Rome,Italy
Paris,France
Toronto,Canada
Vancouver,Canada