,Website,URL Country
0,https://5newsonline.com,
1,https://www.99acres.com,
2,https://www.aberdeennews.com,US
3,http://abington.wickedlocal.com,US
4,https://www.dailyiowegian.com,US
5,http://agcanada.com,CA
6,https://agdealer.com,CA
7,http://www.agrinews-pubs.com,
8,https://www.agupdate.com,
9,http://www.ahwatukee.com,US
10,https://www.aikenstandard.com,US
11,http://www.aimmediatexas.com,
12,http://www.airthinx.io,US
13,https://democratherald.com,
14,http://albertafarmexpress.ca,CA
15,http://www.aledotimesrecord.com,US
16,https://www.alicetx.com,
17,http://www.alliancetimes.com,
18,https://www.alliednews.com,US
19,http://allston.wickedlocal.com,US
20,https://www.amny.com,US
21,https://www.amarillo.com,
22,https://www.americanmediainc.com,
23,http://americanmilitarynews.com,US
24,https://www.americanpress.com,
25,http://www.amestrib.com,US
26,https://www.adn.com,US
27,https://www.anchoragepress.com,us
28,https://www.andovertownsman.com,US
29,http://www.apg-wi.com,
30,https://www.apgwest.com,US
31,https://www.appeal-democrat.com,
32,https://www.northfulton.com,
33,https://www.argus-press.com,
34,https://tucson.com,US
35,https://azdailysun.com,
36,https://www.willcoxrangenews.com,
37,http://arlington.wickedlocal.com,US
38,https://www.ashepostandtimes.com,
39,http://www.ashleycountyledger.com,
40,https://www.aspendailynews.com,
41,http://www.atchisonglobenow.com,US
42,https://www.onlineathens.com,US
43,https://www.athensreview.com,US
44,https://www.atlanticcityweekly.com,US
45,http://www.auburnjournal.com,US
46,http://www.augustagazette.com,US
47,http://www.auroraadvertiser.net,
48,https://www.autoweb.com,US
49,https://www.averyjournal.com,
50,https://www.bakersfield.com,US
51,https://www.citypaper.com,US
52,https://www.baltimoresun.com,
53,https://www.bangordailynews.com,
54,http://www.barnesville-enterprise.com,
55,https://www.examiner-enterprise.com,
56,https://www.baseballhq.com,
57,http://www.bastropenterprise.com,
58,https://www.batesvilleheraldtribune.com,US
59,http://baycitytribune.com,
60,https://www.bctv.org,US
61,https://beatricedailysun.com,
62,http://www.beauregarddailynews.net,
63,http://www.timesonline.com,
64,http://bedford.wickedlocal.com,
65,http://www.belgrade-news.com,US
66,http://belmont.wickedlocal.com,
67,http://www.bcdemocratonline.com,
68,http://beverly.wickedlocal.com,
69,https://www.bgfalconmedia.com,US
70,http://www.bigbeargrizzly.net,
71,https://www.billoreilly.com,
72,http://billerica.wickedlocal.com,
73,https://billingsgazette.com,
74,https://goblackfin.com,US
75,http://www.bhpioneer.com,
76,https://www.bloominbrands.com,
77,http://bloxcms.com,
78,https://www.bdtonline.com,US
79,https://www.blufftontoday.com,
80,https://www.boarsheadresort.com,US
81,http://bolivarmonews.com,US
82,https://www.bonefishgrill.com,
83,http://www.newsrepublican.com,
84,http://www.boonevilledemocrat.com,
85,http://www.boonvilledailynews.com,
86,http://www.linkbostonhomes.com,
87,http://bourne.wickedlocal.com,
88,https://www.bozemandailychronicle.com,US
89,http://www.bradfordera.com,
90,http://braintree.wickedlocal.com,
91,http://bransontrilakesnews.com,
92,http://bridgewater.wickedlocal.com,
93,https://www.heraldcourier.com,US
94,http://brookline.wickedlocal.com,
95,https://www.brownwoodtx.com,
96,https://www.brylanehome.com,US
97,http://www.buckscountycouriertimes.com,
98,http://www.buckslocalnews.com,US
99,http://www.buffalobulletin.com,
100,https://buffaloreflex.com,US
101,http://www.burlingtoncountytimes.com,
102,http://burlington.wickedlocal.com,
103,http://www.burnettcountysentinel.com,US
104,https://www.businessobserverfl.com,US
105,http://www.businessnorth.com,
106,http://www.butlercountytimesgazette.com,
107,https://www.cadillacnews.com,US
108,http://www.calaverasenterprise.com,
109,https://www.caledonianrecord.com,
110,http://www.cambridgechron.com,
111,http://cambridge.wickedlocal.com,
112,http://www.camplejeuneglobe.com,
113,http://canadiancattlemen.ca,CA
114,http://canton.wickedlocal.com,
115,http://gloucester.wickedlocal.com,
116,https://www.capecodtimes.com,
117,https://www.capemaycountyherald.com,
118,https://www.capitalgazette.com,
119,https://www.capjournal.com,us
120,http://www.caranddriver.com,US
121,http://www.thecarbondalenews.com,
122,http://www.carolinacoastonline.com,
123,https://www.carrabbas.com,
124,https://www.carriagetownenews.com,US
125,https://www.carrollcountytimes.com,
126,http://carver.wickedlocal.com,
127,http://www.cpioneer.com,US
128,https://trib.com,
129,https://cbs4indy.com,
130,https://www.cecildaily.com,
131,http://cedarrepublican.com,US
132,https://www.celebretainment.com,
133,http://www.southjerseylocalnews.com,US
134,http://www.centraljersey.com,US
135,https://www.wvgazettemail.com,
136,http://www.charlestonexpress.com,
137,http://www.cheboygannews.com,
138,http://chelmsford.wickedlocal.com,
139,http://www.sekvoice.com,
140,https://www.chicagotribune.com,
141,https://www.chickashanews.com,US
142,http://www.chillicothetimesbulletin.com,
143,https://www.cgtn.com,CN
144,http://www.championnewspapers.com,US
145,http://www.choteauacantha.com,
146,https://ccheadliner.com,
147,https://www.circlevilleherald.com,
148,https://www.citizentribune.com,
149,https://www.chronicleonline.com,
150,https://www.claremoreprogress.com,US
151,https://www.pressregister.com,US
152,http://www.ccenterdispatch.com,
153,https://www.news-daily.com,
154,http://www.theprogressnews.com,
155,https://www.cleburnetimesreview.com,US
156,https://www.clevelandjewishnews.com,
157,https://www.clintonherald.com,US
158,https://cltv.com,
159,https://www.cnhi.com,US
160,http://www.codyenterprise.com,
161,http://cohasset.wickedlocal.com,
162,http://www.collectorsjournal.com,US
163,https://wkuherald.com,US
164,http://www.collegiatetimes.com,
165,http://www.columbiatribune.com,
166,https://www.columbiamissourian.com,
167,https://columbustelegram.com,
168,https://www.commercial-news.com,US
169,https://www.somerset-kentucky.com,US
170,http://www.cnweekly.com,US
171,https://www.bladeempire.com,
172,http://www.ctpost.com,US
173,http://www.chillicothenews.com,
174,https://www.coopercrier.com,US
175,http://www.coronadonewsca.com,
176,https://www.corsicanadailysun.com,US
177,https://www.gazettetimes.com,
178,http://bellingham.wickedlocal.com,
179,http://country-guide.ca,CA
180,https://countrymedia.net,US
181,http://www.thecourierexpress.com,US
182,http://www.mycouriertribune.com,US
183,http://www.creightonnews.com,US
184,https://www.crestviewbulletin.com,
185,http://www.crookstontimes.com,
186,https://www.crossville-chronicle.com,US
187,https://www.crowrivermedia.com,US
188,https://www.ctnow.com,
189,https://www.starexponent.com,US
190,https://www.times-news.com,US
191,http://sflcw.com,
192,https://cw39.com,
193,https://www.ardmoreite.com,
194,http://www.utdailybeacon.com,
195,https://www.dailycommercial.com,
196,https://www.heraldextra.com,US
197,https://rrdailyherald.com,US
198,https://www.iberianet.com,
199,https://www.dailyunion.com,
200,https://www.daily-journal.com,
201,https://dailyjournalonline.com,
202,https://www.dailylocal.com,US
203,http://www.mpnnow.com,
204,http://www.dnronline.com,US
205,https://www.dailypress.com,
206,http://www.reviewatlas.com,
207,http://www.dailystarjournal.com,US
208,https://www.dailytribune.com,US
209,http://www.adelnews.com,
210,https://www.dallasnews.com,
211,http://danvers.wickedlocal.com,
212,https://www.dcmilitary.com,
213,http://dedham.wickedlocal.com,
214,https://www.delaware1059.com,US
215,http://www.delconewsnetwork.com,US
216,http://www.ddtonline.com,US
217,https://www.dentonrc.com,US
218,https://www.derrynews.com,US
219,http://www.desototimes.com,
220,http://www.devilslakejournal.com,
221,http://www.dodgeglobe.com,
222,http://www.donaldsonvillechief.com,
223,https://www.dothaneagle.com,US
224,https://douglascountysentinel.com,US
225,https://www.douglasdispatch.com,
226,http://www.doverpost.com,
227,http://dover.wickedlocal.com,
228,http://www.thecrier.net,
229,http://www.dyersvillecommercial.com,
230,https://www.eagletimes.com,
231,http://www.eastpeoriatimescourier.com,
232,http://www.eastvalleytribune.com,US
233,https://www.eacourier.com,
234,http://www.easterniowashoppingnews.com,US
235,https://www.easternprogress.com,US
236,http://easton.wickedlocal.com,
237,http://www.echo-pilot.com,
238,https://www.edinburgreview.com,
239,https://www.edmondsun.com,US
240,http://www.theintelligencer.com,US
241,http://www.enterprise-journal.com,
242,https://www.effinghamdailynews.com,US
243,http://www.leader-news.com,
244,http://www.dchieftain.com,
245,http://www.elextratx.com,
246,http://www.elnuevoheraldo.com,PA
247,http://www.elpasoinc.com,
248,https://www.elvocero.com,PR
249,https://www.elgincourier.com,US
250,http://www.egcitizen.com,US
251,https://www.elkvalleytimes.com,
252,https://elkodaily.com,
253,https://www.ellos.us,US
254,http://www.ellwoodcityledger.com,
255,http://www.emissourian.com,
256,https://www.empiretoday.com,US
257,http://www.emporiagazette.com,
258,https://www.energy-tech.com,US
259,https://www.enidnews.com,US
260,http://www.enterprisepub.com,
261,http://www.goerie.com,
262,https://www.faceplusplus.com,CN
263,http://www.newsminer.com,
264,http://www.fairfaxtimes.com,US
265,https://www.farmforum.net,US
266,https://www.farmtalknewspaper.com,US
267,https://farmzilla.com,CA
268,https://www.fauquier.com,
269,http://www.feastmagazine.com,
270,http://fiddleheadfocus.com,US
271,https://www.jaxdailyrecord.com,US
272,http://www.fltimes.com,US
273,https://www.flexonline.com,US
274,http://www.floydct.com,
275,https://www.flyafter5.com,US
276,https://www.fontanaheraldnews.com,
277,http://foodincanada.com,CA
278,https://food52.com,
279,http://www.fbherald.com,
280,http://www.forthoodsentinel.com,
281,http://times-journal.com,
282,http://www.fortworthbusiness.com,US
283,http://www.fosters.com,
284,https://www.fhtimes.com,
285,http://www.fowlertribune.com,
286,https://www.fox10tv.com,
287,https://fox13now.com,
288,https://fox17online.com,
289,https://fox2now.com,
290,https://kdvr.com,
291,https://fox4kc.com,
292,https://fox40.com,
293,https://fox43.com,
294,https://fox5sandiego.com,
295,https://fox59.com,
296,https://fox6now.com,
297,https://fox61.com,
298,https://fox8.com,
299,https://myfox8.com,
300,https://www.fredericknewspost.com,US
301,https://www.fredericksburg.com,US
302,https://www.free-times.com,
303,https://fremonttribune.com,
304,https://www.fullbeauty.com,US
305,https://www.gainesvilleregister.com,US
306,http://www.galvanews.com,
307,http://www.gannett.com,
308,http://www.gazettes.com,US
309,http://www.dansvilleonline.com,
310,http://www.geneseorepublic.com,
311,http://georgetown.wickedlocal.com,
312,http://www.gettysburgtimes.com,
313,https://www.gillettenewsrecord.com,
314,https://farmmedia.com,CA
315,http://www.gladstonedispatch.com,US
316,https://www.glasgowdailytimes.com,US
317,https://www.yourglenrosetx.com,
318,https://www.globemagazine.com,US
319,https://globegazette.com,
320,https://www.gloucestertimes.com,US
321,https://www.godanriver.com,US
322,http://www.goldenstatenewspapers.com,
323,http://www.weeklycitizen.com,
324,https://www.goshennews.com,US
325,http://grainews.ca,CA
326,https://www.theindependent.com,US
327,https://www.gjsentinel.com,
328,https://www.grandlakenews.com,
329,http://www.grandrapidsmn.com,
330,http://www.granitefallsnews.com,
331,http://www.journal-times.com,US
332,http://www.greenacressells.com,US
333,https://www.gvnews.com,
334,https://www.greensburgdailynews.com,US
335,https://www.heraldbanner.com,US
336,http://www.greenwichtime.com,US
337,http://www.greenwooddemocrat.com,
338,http://www.groupetva.ca,CA
339,https://www.postguam.com,GU
340,http://www.thegurdontimes.com,
341,https://www.gwinnettdailypost.com,
342,https://www.hmbreview.com,
343,http://plympton.wickedlocal.com,
344,http://www.hamburgreporter.com,
345,http://hamilton.wickedlocal.com,
346,http://www.hannapub.com,US
347,http://www.hannibal.net,US
348,http://hanover.wickedlocal.com,
349,https://www.harborcountry-news.com,US
350,http://harrisondaily.com,US
351,https://www.courant.com,
352,http://www.hastingstribune.com,
353,https://www.havenews.com,
354,https://www.blueridgenow.com,
355,https://www.flyergroup.com,US
356,https://www.henryherald.com,
357,https://herald-review.com,
358,https://www.heraldandnews.com,
359,https://www.heraldchronicle.com,
360,http://heralddemocrat.com,
361,https://www.myheraldreview.com,us
362,https://www.heraldargus.com,US
363,https://www.goupstate.com,
364,https://www.heraldmailmedia.com,US
365,https://www.heraldtribune.com,
366,http://www.hidesertstar.com,
367,http://www.hiawathaworldonline.com,US
368,http://www.hibbingmn.com,
369,https://www.hickoryrecord.com,US
370,http://www.hpj.com,
371,https://hpenews.com,US
372,https://www.highcountrync.com,
373,https://www.highlandnews.net,
374,http://www.hillsborobanner.com,
375,http://www.hillsdale.net,
376,http://www.hngnews.com,
377,http://www.hockessincommunitynews.com,
378,http://holbrook.wickedlocal.com,
379,https://www.homemagonline.com,US
380,http://homenewshere.com,
381,https://www.hometownsource.com,
382,http://www.hopestar.com,
383,http://www.hsvvoice.com,
384,https://www.houmatoday.com,
385,http://blog.chron.com,US
386,https://www.houstonherald.com,
387,http://hudson.wickedlocal.com,
388,http://www.michigansthumb.com,US
389,https://www.mtexpress.com,US
390,https://www.idahopress.com,US
391,https://www.idahostatejournal.com,US
392,http://www.ifiberone.com,US
393,https://www.ilnews.org,US
394,https://www.ivpressonline.com,US
395,https://helenair.com,
396,https://www.independenttribune.com,US
397,http://www.indexjournal.com,
398,https://www.indiaabroad.com,IN
399,http://www.indiawest.com,
400,http://www.indianapolisrecorder.com,
401,https://www.inforney.com,
402,http://www.insideradio.com,
403,https://www.insidetucsonbusiness.com,US
404,http://www.insidenova.com,
405,https://www.insightnews.com,
406,https://www.instapaper.com,
407,https://www.ifallsjournal.com,
408,https://investorjunkie.com,UK
409,http://www.sentinel-standard.com,
410,http://www.iosconews.com,
411,http://www.iowastatedaily.com,
412,http://ipswich.wickedlocal.com,
413,https://www.isustudentmedia.com,
414,https://www.ithaca.com,
415,http://jcsentinel.com,
416,https://www.jhnewsandguide.com,
417,http://www.jacksonnewspapers.com,
418,https://www.jacksonprogress-argus.com,
419,https://www.jacksonvilleprogress.com,US
420,https://www.jaxairnews.com,
421,https://www.jessicalondon.com,US
422,http://www.jewishaz.com,US
423,https://jg-tc.com,
424,https://www.journalinquirer.com,
425,http://www.journalreview.com,
426,https://www.journalscene.com,US
427,https://www.pjstar.com,
428,https://journaltimes.com,
429,https://www.myjournalcourier.com,US
430,http://www.kagstv.com,
431,https://www.kare11.com,
432,http://katytimes.com,
433,https://kbjr6.com,
434,https://www.12newsnow.com,
435,https://www.kcci.com,US
436,https://www.kcentv.com,
437,https://www.kcra.com,US
438,https://www.kctv5.com,
439,https://cw33.com,
440,https://www.kearneyhub.com,US
441,https://www.kenoshanews.com,
442,https://www.kens5.com,
443,http://www.kentuckybarkleynews.com,US
444,http://www.kentuckynewera.com,
445,http://www.kentwired.com,
446,https://www.ketv.com,US
447,https://www.kgw.com,
448,http://www.4029tv.com,US
449,https://www.khou.com,
450,http://www.kiiitv.com,
451,https://www.king5.com,
452,http://kingston.wickedlocal.com,
453,http://www.kiowacountysignal.com,
454,http://www.kirksvilledailyexpress.com,
455,http://www.kmaland.com,
456,https://www.kmbc.com,US
457,https://www.journalexpress.net,US
458,https://www.koat.com,US
459,https://www.koco.com,US
460,http://www.kodiakdailymirror.com,
461,http://kokomoperspective.com,US
462,http://www.kokomotribune.com,US
463,https://www.kpcnews.com,US
464,https://kplr11.com,
465,https://www.kpvi.com,
466,https://www.krem.com,
467,https://krispykreme.com,US
468,https://www.ksbw.com,US
469,https://www.ksdk.com,
470,https://www.ktbs.com,US
471,https://www.thv11.com,
472,https://ktiv.com,
473,https://ktla.com,
474,https://kttc.com,
475,https://www.ktvb.com,
476,https://www.kvue.com,
477,https://kwwl.com,
478,https://myfox47.com,
479,https://www.abc10.com,
480,https://www.fox15abilene.com,
481,https://www.cbs19.tv,
482,http://www.youralaskalink.com,US
483,https://lacrossetribune.com,
484,http://www.lajuntatribunedemocrat.com,
485,https://www.lavozlancaster.com,US
486,http://www.laduenews.com,
487,http://www.lakecountyexam.com,US
488,http://www.lakegenevanews.net,
489,https://www.lakeexpo.com,US
490,https://www.lancasterfarming.com,US
491,https://lancasteronline.com,US
492,http://www.laramieboomerang.com,US
493,http://www.lmtonline.com,US
494,http://lebulletin.com,CA
495,http://www.journaldequebec.com,CA
496,http://www.leavenworthtimes.com,
497,https://lebanon-express.com,
498,https://lee.net,
499,http://www.leesvilledailyleader.com,
500,https://lmtribune.com,
501,https://lexch.com,US
502,http://lexington.wickedlocal.com,
503,https://www.lifebuzz.com,
504,http://lincoln.wickedlocal.com,
505,https://journalstar.com,
506,https://www.lincolntimesnews.com,
507,http://www.linncountyleader.com,
508,http://littleton.wickedlocal.com,
509,https://www.lockportjournal.com,US
510,https://www.lodinews.com,
511,https://www.thecabin.net,US
512,https://www.news-journal.com,US
513,http://www.ladowntownnews.com,US
514,http://www.laloyolan.com,
515,http://www.latimes.com,
516,https://www.loudountimes.com,
517,https://www.lubbockonline.com,
518,https://madison.com,
519,http://www.magnoliareporter.com,
520,http://www.mainlinemedianews.com,US
521,http://malden.wickedlocal.com,
522,http://www.manchesterpress.com,
523,http://manitobacooperator.ca,CA
524,http://www.manoanow.org,US
525,http://mansfield.wickedlocal.com,
526,http://marblehead.wickedlocal.com,
527,https://www.mdjonline.com,
528,http://www.marinscope.com,US
529,https://marketing.usatoday.com ,
530,http://marlborough.wickedlocal.com,
531,https://www.marshallnewsmessenger.com,US
532,http://marshfield.wickedlocal.com,
533,http://rockland.wickedlocal.com,
534,https://www.frontiersman.com,
535,https://www.mcalesternews.com,US
536,http://www.mebaneenterprise.com,US
537,http://medfield.wickedlocal.com,
538,http://medford.wickedlocal.com,
539,http://melrose.wickedlocal.com,
540,https://www.mensjournal.com,US
541,https://www.virginiamn.com,
542,http://www.messagemedia.co,US
543,http://www.republic-online.com,US
544,https://www.miamiok.com,
545,http://www.middletowntranscript.com,
546,http://www.ourmidland.com,US
547,http://www.mrt.com,US
548,https://www.midlothianmirror.com,
549,http://www.milfordbeacon.com,
550,https://www.militarynews.com,
551,http://www.newstribune.info,US
552,https://www.mineralwellsindex.com,US
553,http://www.mingomessenger.com,
554,http://www.mississippivalleypublishing.com,
555,https://missoulanews.com,
556,https://missoulian.com,
557,http://www.moabsunnews.com,US
558,http://www.moberlymonitor.com,
559,http://www.mohavedailynews.com,
560,http://www.monroecopost.com,
561,http://www.montanakaimin.com,PA
562,http://www.montereycountyweekly.com,US
563,http://www.montenews.com,
564,https://www.montgomery-herald.com,US
565,http://www.montgomerynews.com,US
566,https://www.montrosepress.com,us
567,https://www.mooresvilletribune.com,US
568,https://www.themoreheadnews.com,US
569,https://www.morganhilltimes.com,KY
570,http://www.morningsun.net,
571,http://www.morning-times.com,
572,https://www.morongocasinoresort.com,
573,http://www.mortontimesnews.com,
574,http://www.moscowvillager.com,
575,https://dnews.com,
576,https://motosport.com,
577,https://www.moultrienews.com,US
578,http://www.mtshastanews.com,
579,http://www.mountain-news.com,
580,https://www.murrayledger.com,
581,https://muscatinejournal.com,
582,https://www.muscleandfitness.com,US
583,https://www.musiciansfriend.com,US
584,https://www.myhorrynews.com,US
585,https://www.myeasternshoremd.com,
586,https://www.mysoutex.com,
587,http://www.mytownneo.com,
588,https://mywnynews.com,
589,https://napavalleyregister.com,
590,http://natick.wickedlocal.com,
591,https://www.ncaa.com,
592,https://www.nationalenquirer.com,
593,https://www.wvnews.com,
594,https://www.ndinsider.com,
595,http://www.ncnewspress.com,
596,http://needham.wickedlocal.com,
597,http://www.communitynewspapergroup.com,US
598,http://www.neoshodailynews.com,
599,http://www.nevadaiowajournal.com,
600,http://www.ncnewsonline.com,US
601,http://www.nhregister.com,US
602,http://www.newjerseyhills.com,
603,http://www.nydailynews.com,
604,https://www.newarkpostonline.com,
605,http://newburyport.wickedlocal.com,
606,http://www.newcomerstown-news.com,
607,http://www.newportindependent.com,US
608,https://www.greensboro.com,US
609,http://www.news9.com,
610,https://www.newschief.com,
611,http://www.neagle.com,
612,https://www.newson6.com/,
613,http://www.news-graphic.com,
614,http://www.newspressnow.com,US
615,https://newstopicnews.com,US
616,https://www.9news.com,
617,http://www.newsbug.info,US
618,https://www.newsday.com,US
619,http://www.newstrib.com,
620,http://www.pressmentor.com,
621,http://newton.wickedlocal.com,
622,https://www.niagara-gazette.com,
623,https://www.nogalesinternational.com,
624,http://norfolkdailynews.com,
625,http://northandover.wickedlocal.com,
626,http://northattleborough.wickedlocal.com,
627,https://www.njeffersonnews.com,
628,http://www.northneighbornews.com,
629,https://www.northcentralpa.com,US
630,http://www.djournal.com,
631,https://northernstar.info,US
632,https://www.nwfdailynews.com,
633,https://www.nwmissourinews.com,
634,http://norwell.wickedlocal.com,
635,http://norwood.wickedlocal.com,
636,https://www.recordstar.com,
637,https://www.nuvo.net,US
638,https://www.uticaod.com,
639,https://observer-reporter.com,US
640,https://www.ocala.com,
641,http://www.oconeeenterprise.com,
642,https://www.oaoa.com,
643,https://kfor.com,
644,http://plymouth.wickedlocal.com,
645,http://www.oleantimesherald.com,
646,http://www.olneydailymail.com,
647,https://www.omaha.com,US
648,https://www.oanow.com,US
649,http://www.orangemedianetwork.com,
650,https://www.orangeobserver.com,US
651,http://www.oriongazette.com,
652,https://www.orlandosentinel.com,
653,https://www.ormondbeachobserver.com,
654,http://www.oswegocountynewsnow.com,
655,https://www.ottumwacourier.com,US
656,https://www.outback.com,
657,https://www.obsentinel.com,
658,https://www.palestineherald.com,US
659,https://www.palmcoastobserver.com,US
660,https://www.pvvt.com,US
661,https://www.newsherald.com,
662,http://www.paris-express.com,
663,https://www.parkerpioneer.net,US
664,https://www.parsonssun.com,
665,https://www.paulsvalleydailydemocrat.com,US
666,https://www.pawhuskajournalcapital.com,
667,https://www.pawtuckettimes.com,
668,https://www.paysonroundup.com,US
669,http://www.pekintimes.com,
670,https://www.pellachronicle.com,US
671,http://pembroke.wickedlocal.com,
672,https://www.pvnews.com,
673,http://www.pentictonherald.ca,
674,http://www.theperrychief.com,
675,http://www.perryvillenews.com,
676,https://www.petoskeynews.com,
677,http://www.philadelphiaweekly.com,US
678,http://www.picayune-times.com,
679,https://www.pinalcentral.com,US
680,http://www.pbcommercial.com,
681,http://www.pinecitymn.com,US
682,https://www.post-gazette.com,
683,http://www.myplainview.com,US
684,https://www.plantcityobserver.com,US
685,http://www.poconorecord.com,
686,http://www.portlavacawave.com,
687,https://www.portorangeobserver.com,US
688,https://www.recorderonline.com,
689,http://portlandscw.com,
690,http://www.seacoastonline.com,
691,https://www.postregister.com,US
692,http://www.postsouth.com,
693,https://www.postbulletin.com,US
694,http://www.pressargus.com,
695,http://www.presspubs.com,US
696,https://www.primepublishers.com,
697,https://www.ptonline.net,US
698,https://www.prosperpressnews.com,
699,http://provincetown.wickedlocal.com,
700,http://www.ptleader.com,US
701,https://www.purdueexponent.org,US
702,https://q13fox.com,
703,https://qctimes.com,
704,http://www.qchron.com,
705,https://radaronline.com,US
706,http://randolph.wickedlocal.com,US
707,https://rapidcityjournal.com,
708,https://ravallirepublic.com,
709,https://www.rawlinstimes.com,US
710,http://raynham.wickedlocal.com,US
711,http://www.therecordherald.com,
712,https://www.record-courier.com,
713,http://www.redwoodfallsgazette.com,
714,https://www.richlandsource.com,
715,https://www.richmondregister.com,US
716,https://www.richmond.com,US
717,http://www.riograndesun.com,
718,http://www.rrobserver.com,
719,http://www.rrstar.com,US
720,https://www.rockwallheraldbanner.com,US
721,http://www.therolladailynews.com,
722,http://www.northwestgeorgianews.com,
723,http://roslindale.wickedlocal.com,
724,https://www.roysecityheraldbanner.com,US
725,https://www.runnelscountyregister.com,
726,https://www.rushvillerepublican.com,US
727,https://www.sahuaritasun.com,
728,http://www.salamancapress.com,US
729,http://salem.wickedlocal.com,
730,http://www.salina.com,
731,http://www.sanfernandosun.com,
732,https://www.smdailyjournal.com,US
733,https://www.bensonnews-sun.com,
734,https://santamariatimes.com,
735,https://www.srpressgazette.com,
736,https://syvnews.com,
737,http://saugus.wickedlocal.com,
738,https://www.savannahnow.com,
739,http://scituate.wickedlocal.com,
740,https://www.starherald.com,US
741,http://www.seattlepi.com,US
742,https://www.sedaliademocrat.com,US
743,http://seguingazette.com,
744,https://www.sent-trib.com,PA
745,http://sharon.wickedlocal.com,
746,https://www.news-star.com,
747,https://www.shelbyvilledailyunion.com,US
748,https://www.shoes.com,
749,http://www.shorelinemedia.net,US
750,http://shrewsbury.wickedlocal.com,
751,https://siouxcityjournal.com,
752,http://www.siskiyoudaily.com,
753,https://www.goskagit.com,US
754,http://www.sleepyeyenews.com,
755,http://www.scsuntimes.com,
756,https://www.soapoperadigest.com,
757,http://www.somdnews.com,
758,http://somerville.wickedlocal.com,
759,http://www.sonomawest.com,
760,https://www.southbendtribune.com,US
761,https://magicvalley.com,
762,https://www.southstrandnews.com,US
763,https://www.southernchestercountyweeklies.com,US
764,https://www.ricentral.com,
765,http://www.southernminn.com,
766,http://www.sulphurdailynews.com,
767,http://www.swtimes.com,
768,https://spoonuniversity.com,US
769,https://sportsday.dallasnews.com,
770,https://www.newsaegis.com,US
771,http://www.stjamesnews.com,
772,http://www.sjnewsonline.com,
773,http://www.stljewishlight.com,
774,https://www.stltoday.com,
775,https://www.rexburgstandardjournal.com,US
776,https://starmagazine.com,US
777,http://www.starcourier.com,
778,https://starlocalmedia.com,
779,https://www.starnewsonline.com,
780,https://www.statesville.com,US
781,https://www.yourstephenvilletx.com,
782,http://www.steubencourier.com,
783,http://stoneham.wickedlocal.com,
784,http://stoughton.wickedlocal.com,
785,https://www.stowetoday.com,
786,http://www.sturgisjournal.com,
787,http://www.stuttgartdailyleader.com,US
788,http://www.sunad.com,US
789,https://www.newbernsj.com,
790,https://www.yoursun.com,
791,https://www.sun-sentinel.com,
792,http://www.sussexcountian.com,
793,https://www.sustainablecitynetwork.com,US
794,https://www.suwanneedemocrat.com,US
795,http://www.swiowanewssource.com,US
796,http://swampscott.wickedlocal.com,
797,https://www.swnewsmedia.com,US
798,https://www.swvatoday.com,US
799,http://www.journaldemocrat.com,
800,http://www.taftmidwaydriller.com,
801,https://www.tahlequahdailypress.com,US
802,https://www.tbnweekly.com,US
803,http://www.tauntongazette.com,
804,http://www.tdtnews.com,
805,http://www.technicianonline.com,
806,http://www.tehachapinews.com,US
807,https://www.telegram.com,
808,http://www.telegraphherald.com,US
809,https://www.telluridenews.com,
810,https://www.tetonvalleynews.net,US
811,http://www.teutopolispress.com,
812,http://tewksbury.wickedlocal.com,
813,http://www.trinityjournal.com,
814,http://www.abilene-rc.com,US
815,https://www.theadanews.com,US
816,https://adamscountyextra.com,US
817,https://www.theadvocate.com,
818,http://www.stamfordadvocate.com,US
819,http://www.advocateanddemocrat.com,
820,https://www.albanyherald.com,
821,https://www.the-review.com,
822,https://thealmanac.net,US
823,http://www.alvinsun.net,
824,http://www.americanisraelite.com,
825,https://www.amtrib.com,
826,https://www.annistonstar.com,
827,https://www.apalachtimes.com,
828,http://www.thearabtribune.com,
829,https://www.argusobserver.com,
830,http://www.uatrav.com,
831,https://www.athensmessenger.com,
832,https://www.athensnews.com,
833,https://www.augustachronicle.com,
834,https://www.avenuenews.com,
835,https://www.banderabulletin.com,US
836,http://www.brenhambanner.com,
837,http://www.barnstablepatriot.com,
838,http://www.thebatt.com,US
839,http://baytownsun.com,
840,http://tbrnews.com,
841,http://acton.wickedlocal.com,
842,http://maynard.wickedlocal.com,
843,https://www.beaumontenterprise.com,US
844,https://www.berkeleyind.com,US
845,https://bismarcktribune.com,
846,http://www.theblacksheartimes.com,
847,https://www.brandonsun.com,
848,https://www.breezejmu.org,US
849,https://www.brownsvilleherald.com,
850,https://thebrunswicknews.com,
851,https://www.bryantimes.com,
852,https://www.theeagle.com,US
853,http://falmouth.wickedlocal.com,
854,http://www.esubulletin.com,
855,http://www.norwichbulletin.com,
856,https://www.woonsocketcall.com,
857,http://brewster.wickedlocal.com,
858,http://www.carmitimes.com,
859,http://www.carthagepress.com,
860,http://www.caswellmessenger.com,US
861,https://www.cavaliercountyextra.com,US
862,https://www.thechartonline.com,
863,https://www.thechiefnews.com,US
864,http://thechiefleader.com,
865,https://chippewa.com,
866,http://www.chronicle-express.com,
867,https://auburnpub.com,
868,http://www.theclarionnews.com,
869,http://www.advocatepress.com,
870,http://www.thecolgatemaroonnews.com,
871,http://www.columbiachronicle.com,
872,https://www.dispatch.com,
873,http://concord.wickedlocal.com,
874,https://www.conwaydailysun.com,
875,http://www.lincolncourier.com,
876,https://www.courier-tribune.com,
877,http://www.ctnewsonline.com,
878,https://www.creightonian.com,US
879,https://www.crescent-news.com,
880,https://www.cullmantimes.com,US
881,https://www.dailyamerican.com,US
882,http://www.thedaonline.com,
883,http://www.chronline.com,US
884,https://www.dailycitizen.news,US
885,https://www.collegian.psu.edu,
886,http://www.kelownadailycourier.ca,
887,https://thedigitalcourier.com,
888,https://hendersondispatch.com,US
889,http://www.dailyhelmsman.com,
890,https://www.columbiadailyherald.com,
891,http://www.ridgecrestca.com,
892,https://www.dailyitem.com,
893,https://www.daily-jeff.com,
894,http://www.pontiacdailyleader.com,
895,http://www.cantondailyledger.com,
896,http://www.dailynebraskan.com,
897,https://www.jdnews.com,
898,https://www.galvnews.com,
899,https://www.bgdailynews.com,
900,https://tdn.com,
901,https://www.newburyportnews.com,US
902,https://www.nonpareilonline.com,US
903,http://www.dailyuw.com,
904,https://www.dailyprogress.com,US
905,https://www.the-daily-record.com,
906,https://www.dailyrecordnews.com,US
907,http://www.thedailyreporter.com,
908,http://www.lsunow.com,US
909,https://www.thedailyreview.com,US
910,http://www.siftingsherald.com,
911,https://www.thedailystar.com,US
912,http://www.lenconnect.com,
913,https://www.thedailytimes.com,
914,http://www.dailytoreador.com,
915,http://www.jcdailyunion.com,US
916,https://www.dallasweekly.com,US
917,https://www.news-journalonline.com,
918,http://www.decaturdaily.com,
919,http://delrionewsherald.com,
920,https://www.delcotimes.com,US
921,https://www.deltanews.tv,US
922,http://www.derbyinformer.com,US
923,http://www.thederrick.com,
924,https://www.thedestinlog.com,
925,https://qconline.com,
926,https://www.the-dispatch.com,
927,https://www.duncanbanner.com,US
928,https://www.eagletribune.com,US
929,http://www.theeastcarolinian.com,
930,http://www.eldoradotimes.com,
931,https://www.elkharttruth.com,US
932,https://enquirerjournal.com,US
933,https://www.enterprisenews.com,
934,https://www.capenews.net,
935,http://www.eveningtribune.com,
936,http://www.examiner.net,
937,http://thefacts.com,
938,https://www.fayettetribune.com,US
939,https://www.fayobserver.com,
940,https://www.jacksonville.com,
941,http://www.theflume.com,US
942,http://fortcampbellcourier.com,
943,https://www.thefranklinnewspost.com,US
944,https://www.kinston.com,
945,http://www.mankatofreepress.com,
946,http://www.holtindependent.com,
947,https://www.gadsdentimes.com,
948,https://www.gainesville.com,
949,http://www.galtheraldonline.com,US
950,http://www.gctelegram.com,
951,http://www.thegardnernews.com,
952,https://www.gastongazette.com,
953,https://www.gazettextra.com,
954,https://www.ourgazette.com,US
955,http://www.yourgv.com,US
956,http://www.glendalestar.com,US
957,https://www.greenevillesun.com,
958,http://www.gwcommonwealth.com,
959,http://www.gridleyherald.com,US
960,https://griffindailynews.com,US
961,https://www.hgazette.com,US
962,http://www.thehawkeye.com,
963,http://www.hdnews.net,
964,http://www.helena-arkansas.com,
965,https://www.sharonherald.com,US
966,http://www.heraldbulletin.com,US
967,https://www.hjnews.com,US
968,http://www.heraldnews.com,
969,http://www.herald-dispatch.com,US
970,https://www.heraldpalladium.com,US
971,https://www.heraldstandard.com,US
972,http://herald-zeitung.com,
973,http://www.timestelegram.com,
974,http://hingham.wickedlocal.com,
975,https://thehockeynews.com,
976,http://hollandsentinel.com,
977,https://www.hoosiertimes.com,
978,http://hopkinton.wickedlocal.com,
979,https://www.itemonline.com,US
980,http://www.hutchnews.com,
981,https://www.indeonline.com,
982,http://www.independentri.com,
983,https://www.dailyindependent.com,US
984,http://www.independentnews.com,US
985,https://www.alligator.org,US
986,https://www.indianagazette.com,
987,http://www.ack.net,
988,http://www.theintell.com,
989,http://www.ioniannews.com,US
990,https://www.joplinglobe.com,US
991,http://www.thejournal-news.net,
992,http://www.journalstandard.com,
993,http://www.kykernel.com,
994,http://dailytimes.com,
995,http://kdhnews.com,
996,https://www.laconiadailysun.com,
997,http://www.lakenewsonline.com,
998,https://www.thelandonline.com,US
999,http://www.the-leader.com,
1000,http://www.covingtonleader.com,US
1001,https://www.reporter.net,US
1002,https://www.theledger.com,
1003,http://www.leeclarion.com,
1004,https://www.livingstonparishnews.com,
1005,https://www.loganbanner.com,US
1006,https://www.logandaily.com,
1007,https://lompocrecord.com,
1008,http://lufkindailynews.com,
1009,https://www.macombdaily.com,US
1010,http://www.malibutimes.com,
1011,http://themercury.com,
1012,https://www.martinsvillebulletin.com,US
1013,http://www.marysvilleonline.net,
1014,http://www.maryvilleforum.com,
1015,http://www.mcdonoughvoice.com,
1016,https://www.mcdowellnews.com,US
1017,http://www.mcphersonsentinel.com,
1018,https://www.meadvilletribune.com,US
1019,https://www.pottsmerc.com,US
1020,https://www.meridianstar.com,US
1021,http://www.the-messenger.com,US
1022,http://www.messenger-inquirer.com,US
1023,http://metrowestdailynews.com,
1024,http://www.mexicoledger.com,
1025,http://www.middletownpress.com,US
1026,http://www.milforddailynews.com,
1027,https://www.mayportmirror.com,
1028,https://www.themonitor.com,PA
1029,http://www.monroenews.com,
1030,https://mtstandard.com,
1031,https://www.mooreamerican.com,US
1032,http://www.mcall.com,
1033,https://www.scnow.com,US
1034,https://www.themorningsun.com,US
1035,https://www.moultrieobserver.com,US
1036,http://www.themountainmail.com,US
1037,https://themountainpress.com,US
1038,https://www.themountaineer.com,
1039,https://www.murfreesboropost.com,US
1040,https://www.muskogeephoenix.com,US
1041,http://dailysentinel.com,
1042,https://www.nelighnews.com,US
1043,http://www.newportplaintalk.com,
1044,https://www.kingstreenews.com,US
1045,https://www.newsadvance.com,US
1046,https://www.newsandtribune.com,US
1047,https://www.enewscourier.com,US
1048,https://www.thenewsguard.com,US
1049,http://www.thenewsherald.com,US
1050,https://www.morganton.com,US
1051,https://www.newsitem.com,US
1052,http://www.newsoforange.com,US
1053,http://www.newsrecord.org,CA
1054,https://www.thenewsdispatch.com,US
1055,http://www.thenewsenterprise.com,
1056,http://www.winchesternewsgazette.com,US
1057,https://www.nrtoday.com,US
1058,http://www.newstimes.com,US
1059,http://www.hartfordcitynewstimes.com,US
1060,http://www.thekansan.com,
1061,https://www.normantranscript.com,US
1062,https://www.northaugustastar.com,US
1063,https://northcoastcitizen.com,US
1064,https://www.nptelegraph.com,US
1065,http://www.thehour.com,US
1066,http://www.ocolly.com,
1067,https://www.oakridger.com,
1068,https://www.theoaklandpress.com,US
1069,http://www.oudaily.com,
1070,https://www.oskaloosa.com,US
1071,http://www.ottawaherald.com,
1072,http://www.paducahsun.com,US
1073,https://www.paintsvilleherald.com,
1074,https://www.pantagraph.com,
1075,http://theparisnews.com,
1076,http://www.parispi.net,
1077,http://www.mypatriotnews.com,US
1078,http://www.patriotledger.com,
1079,http://www.thepauwwow.org,US
1080,https://www.thepenn.org,
1081,https://www.pharostribune.com,US
1082,http://www.phillytrib.com,
1083,http://www.walkermn.com,
1084,https://www.placerherald.com,US
1085,https://www.postandcourier.com,US
1086,https://poststar.com,
1087,http://www.pratttribune.com,
1088,https://www.thepress.net,US
1089,http://www.pressandguide.com,US
1090,https://www.pressofatlanticcity.com,US
1091,https://www.pressrepublican.com,US
1092,http://www.progress-index.com,
1093,http://www.providencejournal.com,
1094,https://www.thepublicopinion.com,
1095,https://www.chieftain.com,
1096,http://reading.wickedlocal.com,
1097,http://recordnet.com,
1098,https://www.record-eagle.com,US
1099,https://www.redandblack.com,
1100,https://www.theredstonerocket.com,US
1101,http://www.reflector-online.com,
1102,http://www.thereflector.com,US
1103,https://www.registercitizen.com,US
1104,https://www.registerguard.com,
1105,https://www.register-herald.com,US
1106,http://www.galesburg.com,
1107,https://www.thereporteronline.com,US
1108,https://www.cantonrep.com,
1109,https://www.roanoke.com,US
1110,https://www.rockdalenewtoncitizen.com,
1111,https://www.salemnews.com,US
1112,https://www.sltrib.com,
1113,https://www.sandiegouniontribune.com,
1114,http://www.sandmountainreporter.com,
1115,http://sandwich.wickedlocal.com,
1116,https://sanfordherald.com,US
1117,http://www.santafenewmexican.com,US
1118,http://www.sooeveningnews.com,
1119,http://marion.wickedlocal.com,
1120,https://hanfordsentinel.com,
1121,https://www.sentinelsource.com,
1122,https://cumberlink.com,
1123,https://www.sentinel-echo.com,US
1124,http://www.shipnc.com,
1125,http://www.theshorthorn.com,
1126,https://www.sidneyherald.com,
1127,https://www.thesouthend.wayne.edu,
1128,http://www.southeastsun.com,
1129,http://www.southerndigest.com,
1130,https://thesouthern.com,
1131,https://www.staugustine.com,
1132,https://www.thechronicleonline.com,US
1133,http://www.stlamerican.com,
1134,http://www.standard-journal.com,
1135,http://www.southcoasttoday.com,
1136,https://www.shelbystar.com,
1137,https://www.starfl.com,
1138,http://www.starbeacon.com,US
1139,https://www.stardem.com,
1140,http://www.sj-r.com,
1141,https://www.stwnewspress.com,US
1142,http://www.thesuburban.com,CA
1143,http://www.thesuburbanite.com,
1144,http://sudbury.wickedlocal.com,
1145,https://www.ssnewstelegram.com,US
1146,http://www.thesunchronicle.com,
1147,http://www.thesuntimes.com,US
1148,http://www.suncoastnews.com,US
1149,http://www.thesylvaherald.com,
1150,http://www.thetelegraph.com,US
1151,https://www.tiftongazette.com,US
1152,http://www.thetigernews.com,PK
1153,https://www.tillamookheadlightherald.com,US
1154,https://www.houmatimes.com,US
1155,https://thetandd.com,
1156,https://www.timesherald.com,US
1157,http://www.timesleader.net,US
1158,https://www.nwitimes.com,
1159,https://www.thetimesnews.com,
1160,https://www.timesreporter.com,
1161,http://www.titusvilleherald.com,
1162,https://www.cjonline.com,
1163,http://www.thetrailblazeronline.net,
1164,https://www.trentonian.com,US
1165,https://www.tribdem.com,US
1166,https://www.trinidadexpress.com,
1167,https://www.tuscaloosanews.com,
1168,https://www.unionrecorder.com,
1169,https://www.thevermilion.com,
1170,http://www.videtteonline.com,
1171,http://northborough.wickedlocal.com,
1172,https://www.thevillagesdailysun.com,US
1173,http://www.villanovan.com,US
1174,http://www.suncommercial.com,US
1175,https://www.thevindicator.com,US
1176,http://www.virginislandsdailynews.com,VI
1177,https://www.vagazette.com,
1178,https://pilotonline.com,
1179,http://www.union-bulletin.com,US
1180,https://www.waltonsun.com,
1181,http://www.waltontribune.com,
1182,http://www.warrenrecord.com,US
1183,http://www.washburnreview.org,US
1184,https://wcfcourier.com,
1185,http://wayland.wickedlocal.com,
1186,http://www.wayneindependent.com,
1187,http://www.minicassia.com,US
1188,http://wellesley.wickedlocal.com,
1189,https://www.beacononlinenews.com,US
1190,http://westborough.wickedlocal.com,
1191,http://producer.com,CA
1192,http://weston.wickedlocal.com,
1193,http://www.wickenburgsun.com,
1194,http://www.winchesterstar.com,US
1195,https://theworldlink.com,US
1196,https://www.newsmirror.net,
1197,https://www.timessentinel.com,US
1198,http://www.thepilot.com,
1199,https://www.dailycomet.com,
1200,http://www.thisweeknews.com,
1201,https://www.timesenterprise.com,
1202,http://www.chroniclejournal.com,CA
1203,https://www.recordonline.com,
1204,https://www.thetimestribune.com,US
1205,https://www.timeswv.com,US
1206,https://www.times-gazette.com,
1207,https://times-georgian.com,US
1208,http://www.timesdaily.com,
1209,http://www.tiogapublishing.com,US
1210,https://www.havasunews.com,
1211,http://www.tootimid.com,
1212,https://www.topsailadvertiser.com,
1213,https://townnews.com,
1214,https://www.tctimes.com,
1215,http://boxford.wickedlocal.com,
1216,https://www.tribuneledgernews.com,
1217,https://www.tribstar.com,
1218,https://tubitv.com,US
1219,https://www.tucsonlocalmedia.com,US
1220,https://www.tullahomanews.com,
1221,http://www.tulsacw.com,
1222,https://www.tulsaworld.com,US
1223,https://www.tv6tnt.com,
1224,http://tva.canoe.ca,CA
1225,https://tylerpaper.com,
1226,https://ultimategarage.com,
1227,http://www.unifiednewsgroup.com,US
1228,http://www.kansan.com,
1229,https://unroll.me,US
1230,https://www.usmagazine.com,US
1231,https://www.valdostadailytimes.com,US
1232,http://www.news-bulletin.com,
1233,https://www.valleymorningstar.com,PA
1234,https://www.yourvalleyvoice.com,
1235,https://www.vanalstyneleader.com,
1236,http://www.vanburencountydem.com,US
1237,https://www.victoriaadvocate.com,US
1238,http://www.vvdailypress.com,
1239,http://www.voicenews.com,US
1240,https://www.voiceofalexandria.com,
1241,https://www.voxmagazine.com,
1242,https://www.wacotrib.com,US
1243,https://www.wahoo-ashland-waverly.com,US
1244,https://www.wahpetondailynews.com,
1245,http://wakefield.wickedlocal.com,
1246,http://walpole.wickedlocal.com,
1247,http://waltham.wickedlocal.com,
1248,https://waow.com,
1249,https://www.wapt.com,US
1250,http://wareham.wickedlocal.com,
1251,https://www.chipleypaper.com,
1252,https://www.washtimesherald.com,US
1253,http://www.washingtontimesreporter.com,
1254,https://www.wataugademocrat.com,
1255,https://www.watchdog.org,US
1256,http://www.wdtimes.com,
1257,http://watertown.wickedlocal.com,
1258,https://www.waxahachietx.com,
1259,https://www.wcoutlook.com,US
1260,http://www.waynepost.com,
1261,http://www.waynesvilledailyguide.com,
1262,http://www.wbal.com,US
1263,https://www.wbaltv.com,US
1264,https://www.wbir.com,
1265,https://wbng.com,
1266,https://www.wcnc.com,
1267,https://www.wcvb.com,US
1268,https://dcw50.com,
1269,https://www.wdel.com,US
1270,https://www.wdsu.com,US
1271,http://www.weatherfarm.com,CA
1272,https://www.weatherforddemocrat.com,US
1273,https://week.com,
1274,http://www.wellingtondailynews.com,
1275,http://www.wellsvilledaily.com,
1276,https://www.wesh.com,US
1277,http://www.wpnews.com,
1278,http://west-roxbury.wickedlocal.com,
1279,https://www.westvalleyview.com,
1280,http://www.westernherald.com,US
1281,http://westford.wickedlocal.com,
1282,https://www.westport-news.com,US
1283,http://westwood.wickedlocal.com,
1284,http://weymouth.wickedlocal.com,
1285,https://www.wfaa.com,
1286,https://www.wfmynews2.com,
1287,https://www.wgal.com,US
1288,https://wgem.com,
1289,https://wgnradio.com,
1290,https://wgntv.com,
1291,https://wgno.com,
1292,https://www.wgrz.com,
1293,https://www.whas11.com,
1294,http://www.whitehalljournal.com,
1295,https://www.wmicentral.com,
1296,https://whnt.com,
1297,https://hoiabc.com,
1298,https://whotv.com,
1299,http://www.wickedlocal.com,
1300,https://www.journalpatriot.com,
1301,https://www.williamsondailynews.com,US
1302,https://www.willistonherald.com,
1303,http://wilmington.wickedlocal.com,
1304,http://winchester.wickedlocal.com,
1305,https://www.winnipegfreepress.com,
1306,https://www.winonadailynews.com,
1307,https://www.journalnow.com,US
1308,http://wire.lee.net,
1309,https://www.wiscnews.com,
1310,https://www.wisconsingazette.com,
1311,https://www.wisn.com,US
1312,https://www.wjcl.com,US
1313,https://wkow.com,
1314,http://www.wkyc.com,
1315,https://www.wlky.com,US
1316,https://www.wltx.com,
1317,https://www.wlwt.com,US
1318,https://www.13wmaz.com,
1319,https://www.mor-tv.com,US
1320,https://www.wmtw.com,US
1321,https://www.wmur.com,US
1322,https://wnep.com,
1323,http://woburn.wickedlocal.com,
1324,http://www.woodfordtimes.com,
1325,https://www.woodwardnews.net,US
1326,https://www.wpbf.com,US
1327,https://phl17.com,
1328,https://pix11.com,
1329,https://wpta21.com,
1330,https://www.mynbc5.com,US
1331,https://wqad.com,
1332,https://wqow.com,
1333,https://wreg.com,
1334,https://wrex.com,
1335,https://www.wsmv.com,
1336,http://www.wspynews.com,US
1337,https://www.wtae.com,US
1338,https://wtkr.com,
1339,https://www.firstcoastnews.com,
1340,https://www.wtsp.com,
1341,https://wtvr.com,
1342,http://www.wtxl.com,
1343,https://www.wusa9.com,
1344,http://www.13newsnow.com,
1345,https://www.wvtm13.com,US
1346,https://wvva.com,
1347,https://www.wwltv.com,
1348,http://www.mysuncoast.com,US
1349,https://www.11alive.com,
1350,https://www.wxii12.com,US
1351,https://wxow.com,
1352,https://www.wyff4.com,US
1353,http://www.wyomingbusinessreport.com,
1354,https://www.wyomingnews.com,US
1355,https://www.wzzm13.com,
1356,https://www.yakimaherald.com,
1357,https://www.yankton.net,
1358,https://www.yorknewstimes.com,US
1359,https://www.yourobserver.com,US
1360,https://www.yumasun.com,
