,URL,URL Country
0,http://www.facebook.com/pages/Everybody-Draw-Mohammed-Day/121369914543425?ref=mf,US
1,http://www.facebook.com/pages/Everybody-Draw-Mohammed-day-May-20/112498195453416?ref=search&sid=100001050496784.3964918704..1,US
2,http://www.drawmuhammadday.com,JP
3,https://www.facebook.com,US
4,http://www.youtube.com/watch?v=z7ok4njJXI8,
5,http://www.youtube.com/watch?v=3sD-1-1sbik,
6,http://www.youtube.com/watch?v=_TcNWY0E-PA,
7,http://www.youtube.com/watch?v=WRxijt8dqEA,
8,http://www.youtube.com/watch?v=MGuSK2hVukA,
9,http://www.youtube.com/watch?v=0BP_xW29kCU,
10,http://www.youtube.com/watch?v=OMz0aIM2_sM,
11,http://www.youtube.com/watch?v=pDrti5T93T8,
12,http://www.youtube.com/watch?v=KlYLKf4q2rg,
13,http://www.youtube.com/watch?v=a4yfG5dAZdU,
14,http://www.newsrealblog.com/2010/04/24/twog-link-of-the-day-is-everybody-draw-mohammed-day-a-bad-idea/,US
15,http://ming.tv/flemming2.php/__show_article/_a000010-001623.htm,
16,http://www.meetup.com/BrisbaneAtheists/messages/boards/thread/9078207/post/35583098/?hash=35583098#35583098,
17,http://en.wikipedia.org/wiki/Freedom_of_speech_versus_blasphemy,US
18,http://reason.com/blog/2010/04/23/first-annual-everybody-draw-mo,
19,http://en.wikipedia.org/wiki/Lars_Vilks_Muhammad_drawings_controversy,US
20,http://atlasshrugs2000.typepad.com/atlas_shrugs/2006/02/muhammad_cartoo.html,
21,http://fjordman.blogspot.com/2005/10/image-of-muhammad.html,
22,http://guyism.com/2010/04/creator-of-everybody-draw-muhammad-day-wont-draw-muhammad.html,US
23,http://creepingsharia.wordpress.com/2010/04/26/cartoonist-behind-everybody-draw-mohammed-day-poster-getting-nervous/,
24,http://www.skepticmoney.com/students-at-university-of-madison-wisconson-draw-muhammad/,CA
25,http://dailyradar.com/beltwayblips/story/first-annual-everybody-draw-mohammad-day/,GB
26,http://www.mynorthwest.com/?nid=11&sid=313170,US
27,http://muhammad-911.tk/881832-Draw-Muhammad-5-20-2010.html,
28,http://muhammad-911.tk/,
29,http://www.supportfreedomofspeech.com/hyphenated-american-dont-miss-everybody-draw-muhammad-day/,
30,http://motherjones.com/mojo/2010/04/south-park-censorship-comedy-central-muhammad-mohammed-cartoon-trey-stone-matt-parker,
31,http://itunes.apple.com/us/album/draw-muhammad/id303064274,US
32,http://www.youtube.com,
33,http://slog.thestranger.com/slog/archives/2010/04/22/everybody-draw-mohammed-day,FR
34,http://artsyhands.com/2010/05/access-facebook-blocked-pakistan/,US
35,https://barenakedislam.wordpress.com/2010/05/02/muslim-hackers-get-their-filthy-finger-licken-hands-on-kfc-website/,
36,http://llphfreedom.blogspot.com/2010/04/everybody-draw-muhammad-day-may-20th.html,
37,http://seasonsoftumultanddiscord.wordpress.com/2010/05/18/two-days-to-draw-muhammad-day/,
38,http://en.wikipedia.org/wiki/File:Jyllands-Posten-pg3-article-in-Sept-30-2005-edition-of-KulturWeekend-entitled-Muhammeds-ansigt.png,US
39,http://www.di2.nu/files/Muhammed_Cartoons_Jyllands_Posten.html,
40,http://en.wikipedia.org/wiki/The_Truth_About_Muhammad,US
41,http://1001how2.com/how-to-draw-muhammad-idiots-guide/,
42,http://www.bypassthat.com,US
43,http://en.wikipedia.org/wiki/Muhammad,US
44,http://face-of-muhammed.blogspot.com/,
45,http://www.cagle.com/news/muhammad/,
46,http://en.wikipedia.org/wiki/Everybody_Draw_Mohammed_Day,US
47,http://en.wikipedia.org/wiki/Draw_Muhammad,US
48,www.vpullel.com,
49,www.gingerproxy.com,US
50,www.blockedsiteaccess.com,
51,www.ctunnel.com,
52,www.kproxy.com,
53,www.fireproxy.com,US
54,www.nntimes.com,US
55,www.6proxy.com,us
56,www.sslunblock.com,US
57,www.pumashoes.com,US
58,www.chronobypass.com,
59,www.cacah.org,
60,www.proxyserver.it,
61,www.susycaravan.com,
62,www.proxy4free.com ,PA
63,www.surf24h.com,
64,www.en.wikipedia.org/wiki/muhammad,US
65,www.lemonbits.net,
66,Vtunnel.com,PA
67,Vtunnel.biz,US
68,Vtunnel.info,
69,Vtunnel.us,ro
70,Vtunnel.tv,
71,V-tunnel.org  ,
72,Atunnel.com,LV
73,Btunnel.com,TR
74,Ctunnel.com,
75,Dtunnel.com,
76,Ftunnel.com,US
77,Gtunnel.com,US
78,G-tunnel.com  ,CN
79,H-tunnel.com  ,
80,I-tunnel.net  ,
81,Jtunnel.com,US
82,J-tunnel.com  ,
83,Ktunnel.com,US
84,K-tunnel.com  ,
85,Ltunnel.com,US
86,L-tunnel.com  ,
87,M-tunnel.com  ,
88,Ntunnel.com,US
89,N-tunnel.com  ,
90,Otunnel.com,US
91,O-tunnel.com  ,
92,Ptunnel.com,US
93,P-tunnel.com  ,US
94,Q-tunnel.com  ,PL
95,Rtunnel.com,US
96,R-tunnel.com  ,
97,T-tunnel.net  ,
98,Wtunnel.com,
99,Ztunnel.com,
100,Ftunnel.net,
101,Htunnel.net,
102,Jtunnel.net,
103,Ktunnel.net,US
104,Ltunnel.net,
105,Ntunnel.net,
106,Otunnel.net,
107,Rtunnel.net,
108,Wtunnel.net,
109,W-tunnel.com  ,
110,Ztunnel.org,
111,Unblock-Websense.com  ,US
112,Unblock-Bess.com  ,CN
113,UnblockWebsense.com,
114,UnblockBess.com,
115,Polysolve.com,
116,VPNTunnel.net,US
117,SafeForWork.net,US
118,VMathPie.com,Malaysia
119,USTunnel.com,US
120,USATunnel.com,US
121,BackFox.com,LV
122,SafeHazard.com,US
123,SafeLizard.com,US
124,MathTunnel.com,US
125,NewBackDoor.com,US
126,GeoTunnel.com,
127,EnglishTunnel.com,US
128,CalculatePie.com,US
129,DrProxy.net  ,US
130,DrPruxy.net  ,
131,DrPxy.net  ,
132,FastFreeProxy.com  ,US
133,ProxyGenie.com  ,US
134,FreeToView.net  ,US
135,PimpMyIP.com  ,US
136,MyPrxy.com  ,
137,NinjaProxy.com  ,US
138,AnonyNinja.com  ,
139,NinjaCover.com  ,CA
140,SamuraiProxy.com  ,
141,SamuraiStealth.com  ,
142,WarriorProxy.com  ,US
143,24TopProxy.com  ,PA
144,SneakzorZ.com  ,
145,24Proxy.com,
146,24Traffic.info,PA
147,HideMyBox.com,
148,ProxyButton.com,
149,IraniProxy.com,
150,WizProxy.com,
151,DahProxy.com,
152,FreeIam.info,
153,g2gToMyspace.com,
154,Geotunnel.com,
155,Gotoproxy.com,
156,ImSly.com,
157,LogonHelp.org  ,
158,INeed-Myspace.com,
159,ProxySense.com,PA
160,SlyUser.com,
161,Unlock-Myspace.com,US
162,Weprox.biz,PA
163,Weprox.com,
164,Weprox.info,
165,Weprox.net,US
166,http://touch.facebook.com,US
167,http://www.flickr.com/photos/kuujiryo/4621614465/,
168,http://www.flickr.com/photos/chris-fritz/106103350/,
169,http://yesbuthowever.com/draw-mohammed-9000008/,
170,http://www.drawmuhammadday.net/,
171,www.smugbox.com/facebook/login/stories?id=226,US
172,www.orkutpass.com,
173,www.hidemyass.com,
174,http://www.hidemyass.com,
175,http://www.anonymizer.com,US
176,http://www.wujie.net,CN
177,http://www.ultrareach.net,US
178,http://surfshield.net,PA
179,http://www.guardster.com/subscription/proxy_free.php,FR
180,http://anonymouse.ws/anonwww.html,
181,http://www.browser-x.com,US
182,http://www.spysurfing.com,US
183,http://www.xerohour.org/hideme,BS
184,http://www.proxyz.be,
185,http://www.sc0rian.com/prox,KY
186,https://www.proxify.us,
187,http://kproxy.com/index.jsp,PA
188,http://www.brawl-hall.com/pages/proxy.php,
189,http://www.proxify.net,
190,http://proxy.computersteroids.com/index0.php,
191,http://www.unipeak.com,US
192,http://flyproxy.com,
193,http://alienproxy.com,CA
194,http://proxify.com/,
195,http://www.unfilter.net,US
196,http://www.proxymouse.com,US
197,http://www.surfonym.com/cgi-bin/nph-proxy,US
198,http://www.superproxy.be/browse.pl,
199,http://www.websiteguru.com/mrnewguy,US
200,http://www.letsproxy.com,
201,http://www.fsurf.com,
202,http://indianproxy.com,US
203,http://www.letmeby.com,CA
204,http://Boredatschool.net,GB
205,http://www.ibypass.org,GB
206,http://www.ipzap.com/,
207,https://proxify.biz,
208,http://kproxy.com/index.jsp,
209,http://www.attackcensorship.com/attack-censorship.html,
210,http://mrnewguy.com,
211,http://www.evilsprouts.co.uk/defilter,
212,http://www.proxify.info,US
213,http://www.torify.com,US
214,http://www.switchproxy.com,
215,http://www.proxifree.com,
216,http://www.secure-tunnel.com/,
217,http://www.proxify.cn,
218,http://www.arnit.net/utilities/webproxy/new,CA
219,http://www.proxify.co.uk,
220,http://www.betaproxy.com,
221,http://www.proxify.org,US
222,http://www.proxychoice.com,CN
223,http://www.proxysnail.com,
224,http://www.anonypost.com,
225,http://www.thestrongestlinks.com,CN
226,http://www.hujiko.com,
227,http://www.anonproxy.info,US
228,http://www.peoplesproxy.com,
229,http://www.freeproxy.us,ro
230,http://www.proxyweb.net,BS
231,http://www.nopath.com,BS
232,http://urlencoded.com,
233,http://www.pole.ws,US
234,http://www.browseany.com,
235,http://www.spiderproxy.com,CA
236,http://www.clickcop.com,US
237,http://www.sneakysurf.com,US
238,http://www.mywebtunnel.com,US
239,http://www.thewebtunnel.com,
240,http://www.3proxy.com,
241,http://www.yourfreeproxy.com,
242,http://www.proxy7.com,US
243,http://www.fireprox.com,US
244,http://www.stupidcensorship.com,
245,http://www.letsproxy.com,
246,http://www.sneak2.com,US
247,http://www.cecid.com,US
248,http://www.freeproxy.ca,
249,http://www.ibypass.org,GB
250,http://www.goproxing.com,US
251,http://www.projectbypass.com/,US
252,http://www.ipsecret.com,UK
253,http://www.nomorelimits.net,US
254,http://www.proxify.de,
255,http://www.bywhat.com,US
256,http://www.snoopblocker.com,BS
257,http://www.anonymizer.ru,
258,http://www.proxyking.net/,
259,http://www.perlproxy.com,
260,http://www.proxylord.com,TR
261,http://tntproxy.com,
262,http://satanproxy.com,
263,http://zombieinvasion.info,
264,http://demonproxy.com,US
265,http://www.myfreeproxy.com,
266,http://www.gezcem.com/nph-proxy.pl.old,US
267,http://mpleger.de,
268,http://www.the-cloak.com/login.html,
269,www.6677.info,CN
270,www.mctcp.org,
271,www.transproxy.info,
272,www.777surfer.info,US
273,www.needprivacy.info,
274,www.faan.co.uk,
275,www.iweb365.net,SG
276,www.ProxyBoost.net,
277,www.cloakin.info,
278,http://anonymizer.nntime.com/,
279,https://aniscartujo.com/webproxy/default.aspx,
280,www.blockedsiteaccess.com,
281,www.amonymizer.nntime.com,
282,www.hotspotshield.com,US
283,www.preserrednsserver8.8.8.8 .8.8.4.4,
284,http://www.dailybruin.com/articles/2010/5/17/flawed-interpretation-koran-results-overreactions-/,CA
285,http://voices.washingtonpost.com/comic-riffs/2010/05/muhammad_cartoonist_lars_vilks.html,US
286,http://reason.com/blog/2010/05/17/the-deadline-is-nigh-for-every,
287,http://unforeseencontingencies.blogspot.com/2006/02/blasphemous-pictures.html,US
288,http://en.wikipedia.org/wiki/Muhammad_Drawings,US
289,http://en.wikipedia.org/wiki/Draw_Muhammad,US
290,http://en.wikipedia.org/wiki/Muhammad,US
291,kproxy.com,PA
292,http://drawmohammadday.blogspot.com/,
293,www.unblockedf.com,
294,http://face-of-muhammed.blogspot.com/,
295,http://www.christiannewswire.com/news/912904201.html,US
296,http://unforeseencontingencies.blogspot.com/2006/02/blasphemous-pictures.html,
297,http://www.dailybruin.com/articles/2010/5/17/flawed-interpretation-koran-results-overreactions-/,CA
298,http://voices.washingtonpost.com/comic-riffs/2010/05/muhammad_cartoonist_lars_vilks.html,US
299,http://reason.com/blog/2010/05/17/the-deadline-is-nigh-for-every,
300,www.unblockedf.com,
301,http://www.christiannewswire.com/news/912904201.html,US
302,http://face-of-muhammed.blogspot.com/,US
303,http://www.youtube.com/watch?v=l3hiuNB2qfs,
304,http://www.youtube.com/watch?v=nycuLpw0VV8&feature=related,
305,http://www.youtube.com/watch?v=2L2ouAN770U&feature=related,
306,http://www.youtube.com/watch?v=rPOWhYp5MTw&feature=related,
307,http://www.youtube.com/watch?v=l0q25HXyfM0&feature=related&skipcontrinter=1,
308,http://www.youtube.com/watch?v=KrS3QplTys0&feature=related,
309,http://www.youtube.com/watch?v=LyKdYTzMqWo&feature=related,
310,http://www.youtube.com/watch?v=s5rPSTLy394&NR=1,
311,http://www.youtube.com/watch?v=AMRaxkgCUfI&feature=related,
312,http://www.foxnews.com/scitech/2010/05/19/facebook-fracas-breaks-everybody-draw-mohammad-day/?test=latestnews,
313,http://reason.com/blog/2010/05/18/get-ready-for-everyone-draw-mo,
314,http://www.google.com.pk/images?hl=en&q=muhammad+cartoon&revid=1296971284&resnum=0&um=1&ie=UTF-8&source=univ&ei=JkP0S5HIK5Cj_AbLvoGhDQ&sa=X&oi=image_result_group&ct=title&resnum=1&ved=0CCUQsAQwAA,
315,http://face-of-muhammed.blogspot.com/,
316,http://creepingsharia.wordpress.com/mohammed-cartoon-collection/,
317,http://dreamdogsart.typepad.com/art/2010/05/lars-vilks-muhammad-cartoon-dog-artist-attacked.html,
318,http://www.pamil-visions.net/kurt-westergaard/210080/,US
319,http://www.google.com.pk/#q=muhammad+cartoon&hl=en&sa=X&prmd=inv&source=univ&tbs=vid:1&tbo=u&ei=zkX0S4ubAYmD_AaPr7GJDQ&oi=video_result_group&ct=title&resnum=9&ved=0CEoQqwQwCA&fp=1&cad=b,
320,http://www.faithfreedom.org/Gallery/28.htm,US
321,http://cryptome.org/muhammad.htm,US
322,http://www.mahalo.com/muhammad-cartoons,US
323,http://www.bibleprobe.com/muhammad-cartoons.htm,US
324,http://www.youtube.com/watch?v=XJMlgmwHN9E,
325,http://www.youtube.com/watch?v=Zsv1SToU1xo&feature=related,
326,http://www.youtube.com/watch?v=43LMQXYhyt0&feature=related,
327,http://www.youtube.com/watch?v=hKJtedW9KN4&feature=related,
328,http://www.youtube.com/watch?v=0T9UhBhTl9Q&feature=related,
329,http://www.youtube.com/watch?v=20J-lRFRPkQ&feature=related,
330,http://everyonedrawmohammed.blogspot.com/,
331,http://www.youtube.com/watch?v=1Wu5e50zrPA&feature=fvst,
332,http://www.youtube.com/watch?v=LyKdYTzMqWo&feature=related,
333,http://www.youtube.com/watch?v=2L2ouAN770U&feature=related,
334,http://www.youtube.com/watch?v=s5rPSTLy394&feature=related http://www.xroxy.com/,
335,http://proxy.xboxcia.com/,US
336,http://www.freeanonymousproxy.net/,IT
337,http://www.hkce.net/,US
338,http://www.silversurf.info/,US
339,http://www.filterbypasser.com/,AU
340,http://www.proxyrat.com/,
341,http://www.surf100.com/,US
342,http://www.recure.com/,
343,http://unblockme.freehoster.ch/,
344,http://www.virovene.org/,
345,http://www.proxyblog.cn/,
346,http://unblockyoutube.com/,CZ
347,http://www.unblockfacebooknow.com,
348,http://www.unblock-facebook.net,
349,http://www.unblockbook.com,US
350,http://www.similarsites.com/sites-like/ninjaproxy.com,IL
351,http://www.thesecretninjaproxy.info/,
352,http://www.myninjaproxy.info,IL
353,http://ninjaproxy.com,US
354,http://saberpoint.blogspot.com,
355,http://www.browser9.com,US
356,http://www.thrivehive.com/,US
357,http://www.hidemyass.com,
358,http://www.anonymizer.com,US
359,http://www.wujie.net,CN
360,http://www.ultrareach.net,US
361,http://surfshield.net,PA
362,http://www.guardster.com/subscription/proxy_free.php,FR
363,http://anonymouse.ws/anonwww.html,
364,http://www.browser-x.com,US
365,http://www.spysurfing.com,US
366,http://www.xerohour.org/hideme,BS
367,http://www.proxyz.be,
368,http://www.sc0rian.com/prox,KY
369,https://www.proxify.us,
370,http://kproxy.com/index.jsp,
371,http://www.brawl-hall.com/pages/proxy.php,
372,http://www.proxify.net,
373,http://proxy.computersteroids.com/index0.php,
374,http://www.unipeak.com,US
375,http://flyproxy.com,
376,http://alienproxy.com,CA
377,http://proxify.com/,
378,http://www.unfilter.net,US
379,http://www.proxymouse.com,US
380,http://www.surfonym.com/cgi-bin/nph-proxy,US
381,http://www.superproxy.be/browse.pl,
382,http://www.websiteguru.com/mrnewguy,US
383,http://www.letsproxy.com,
384,http://www.fsurf.com,
385,http://indianproxy.com,US
386,http://www.letmeby.com,CA
387,http://Boredatschool.net,GB
388,http://www.ibypass.org,GB
389,http://www.ipzap.com/,PA
390,https://proxify.biz,US
391,http://kproxy.com/index.jsp,
392,http://www.attackcensorship.com/attack-censorship.html,
393,http://mrnewguy.com,CN
394,http://www.evilsprouts.co.uk/defilter,
395,http://www.proxify.info,US
396,http://www.torify.com,US
397,http://www.switchproxy.com,
398,http://www.proxifree.com,KY
399,http://www.secure-tunnel.com/,
400,http://www.proxify.cn,
401,http://www.arnit.net/utilities/webproxy/new,CA
402,http://www.proxify.co.uk,
403,http://www.betaproxy.com,PA
404,http://www.proxify.org,US
405,http://www.proxychoice.com,CN
406,http://www.proxysnail.com,
407,http://www.anonypost.com,
408,http://www.thestrongestlinks.com,CN
409,http://www.hujiko.com,
410,http://www.anonproxy.info,US
411,http://www.peoplesproxy.com,
412,http://www.freeproxy.us,ro
413,http://www.proxyweb.net,BS
414,http://www.nopath.com,BS
415,http://urlencoded.com,
416,http://www.pole.ws,US
417,http://www.browseany.com,
418,http://www.spiderproxy.com,
419,http://www.clickcop.com,US
420,http://www.sneakysurf.com,US
421,http://www.mywebtunnel.com,US
422,http://www.thewebtunnel.com,
423,http://www.3proxy.com,
424,http://www.yourfreeproxy.com,
425,http://www.proxy7.com,US
426,http://www.fireprox.com,US
427,http://www.stupidcensorship.com,
428,http://www.letsproxy.com,
429,http://www.sneak2.com,US
430,http://www.cecid.com,US
431,http://www.freeproxy.ca,
432,http://www.ibypass.org,GB
433,http://www.goproxing.com,US
434,http://www.projectbypass.com/,US
435,http://www.ipsecret.com,UK
436,http://www.nomorelimits.net,US
437,http://www.proxify.de,
438,http://www.bywhat.com,US
439,http://www.snoopblocker.com,BS
440,http://www.anonymizer.ru,
441,http://www.proxyking.net/,
442,http://www.perlproxy.com,
443,http://www.proxylord.com,TR
444,http://tntproxy.com,
445,http://satanproxy.com,
446,http://zombieinvasion.info,
447,http://demonproxy.com,US
448,http://www.myfreeproxy.com,
449,http://www.gezcem.com/nph-proxy.pl.old,US
450,http://mpleger.de,
451,http://www.the-cloak.com/login.html,
452,http://www.sizzledcore.com/2010/05/20/how-to-access-facebook-in-pakistan-uae-saudi-arabia-iran/,US
453,http://gatesofvienna.blogspot.com/2010/04/may-20-first-annual-everybody-draw.html,
454,http://onision.net/index.php?/topic/6843-first-annual-draw-muhammad-day-d/,US
455,http://dailycaller.com/2010/04/24/may-20-is-everybody-draw-muhammad-day/,US
456,http://www.break.com/usercontent/2010/5/16/how-to-draw-muhammad-1838369,VN
457,http://everyonedrawmohammed.blogspot.com/,
458,http://llphfreedom.blogspot.com/2010/04/everybody-draw-muhammad-day-may-20th.html,
459,http://www.hotspotshield.com/,US
460,http://www.facebookproxy.co.uk/,
461,http://accessanywebsite.com/,PA
462,http://www.freerepublic.com/focus/news/2499803/posts,
463,http://ironicsurrealism.blogivists.com/2010/04/25/the-first-annual-everybody-draw-mohammed-day-because-above-all-muhammed-cannot-stand-to-be-mocked/,US
464,http://tylzen.com/?p=353,DK
465,http://seattlest.com/2010/04/27/seattle_cartoonists_everybody_draw.php,US
466,http://www.alan.com/2010/04/25/seattle-cartoonist-pegs-may-20th-as-everybody-draw-muhammed-day/,FR
467,http://www.abovetopsecret.com/forum/thread564561/pg1,US
468,http://www.mynorthwest.com/category/local_news_articles/20100518/'Everbody-Draw-Mohammed'-cartoonist:-I'm-against-my-own-concept-becoming-a-reality/,US
469,http://caosblog.com/archives/19779,US
470,http://jonathanturley.org/2010/04/25/seattle-cartoonist-declares-may-20th-as-everybody-draw-mohammed-day/,US
471,http://rawstory.com/rs/2010/0424/seattle-cartoonist-promotes-everybody-draw-mohammed-day/,US
472,http://www.zend2.com/,FI
473,http://islamizationwatch.blogspot.com/2010/04/everybody-draw-mohammed-day-grows-in.html,
474,http://everybodydrawmohammedday.wordpress.com/,
475,http://en.wikipedia.org/wiki/Mohammad,US
476,http://www.drawmuhammadday.com/,JP
477,http://www.sodahead.com/united-states/seattle-cartoonist-launches-everybody-draw-mohammed-day-you-in/question-984209/,
478,http://www.nationalpolicyinstitute.org/2010/04/25/seattle-cartoonist-launches-everybody-draw-mohammed-day/,CA
479,http://www.democraticunderground.com/discuss/duboard.php?az=view_all&address=389x8208802,
480,http://forum.detik.com/showthread.php?p=10423116,
481,http://www.google.com.pk/images?client=firefox-a&rls=org.mozilla%3Aen-US%3Aofficial&hl=en&source=imghp&q=muhammad&gbv=2&aq=f&aqi=&aql=&oq=&gs_rfai=,
482,http://www.google.com.pk/images?hl=en&q=muhammad%20draw&rlz=1R2ADFA_enPK370&um=1&ie=UTF-8&source=og&sa=N&tab=wi,
483,http://www.google.com.pk/images?um=1&hl=en&rlz=1R2ADFA_enPK370&tbs=isch%3A1&sa=1&q=muhammad+day&aq=f&aqi=&aql=&oq=&gs_rfai=,
484,http://www.google.com.pk/images?um=1&hl=en&rlz=1R2ADFA_enPK370&tbs=isch%3A1&sa=1&q=first+annual+draw&aq=o&aqi=&aql=&oq=&gs_rfai=,
485,http://www.google.com.pk/images?um=1&hl=en&rlz=1R2ADFA_enPK370&tbs=isch%3A1&sa=1&q=seatle+cartoonist&aq=f&aqi=&aql=&oq=&gs_rfai=,
486,http://www.google.com.pk/images?um=1&hl=en&rlz=1R2ADFA_enPK370&tbs=isch%3A1&sa=1&q=muhammed+draw&aq=f&aqi=&aql=&oq=&gs_rfai=,
487,http://www.google.com.pk/images?um=1&hl=en&rlz=1R2ADFA_enPK370&tbs=isch%3A1&sa=1&q=muhammed+draw+day&aq=f&aqi=&aql=&oq=&gs_rfai=,
488,http://www.google.com.pk/images?um=1&hl=en&rlz=1R2ADFA_enPK370&tbs=isch%3A1&sa=1&q=everybody+draw&aq=f&aqi=&aql=&oq=&gs_rfai=,
489,http://www.google.com.pk/imgres?imgurl=http://www.thelongridersguild.com/Borak.JPG&imgrefurl=http://www.thelongridersguild.com/Word02.htm&usg=__6yftAwAD8rTG4614mm-4JnLmAAs=&h=612&w=445&sz=143&hl=en&start=17&um=1&itbs=1&tbnid=L_CqAeWIfrQfzM:&tbnh=136&tbnw=99&prev=/images%3Fq%3Dmuhammad%2BPBUH%26um%3D1%26hl%3Den%26rlz%3D1R2ADFA_enPK370%26tbs%3Disch:1,
490,http://fredfred.net/skriker/index.php/muhammad-vs-jesus-1-0/,CZ
491,http://www.loonwatch.com/2010/04/creators-of-everybody-draw-muhammad-day-appalled-by-hate/,US
492,http://www.schoolproxy.us,
493,http://www.mollynorris.com/,HK
494,http://www.711chan.org/i/,PA
495,http://www.drawmuhammadday.com/,JP
496,http://religiousfreaks.com/muhammed-caricatures/,
497,http://www.google.com.pk/search?hl=en&client=firefox-a&hs=5q0&rls=org.mozilla:en-US:official&q=unblock+facebook&revid=501998839&ei=YuX0S-PDB4T7lwfG8YHpCg&sa=X&oi=revisions_inline&resnum=0&ct=broad-revision&cd=1&ved=0CFsQ1QIoAA,
498,http://www.google.com.pk/images?hl=en&gbv=2&tbs=isch%3A1&sa=1&q=muhammad+cartoon&aq=f&aqi=g6g-m4&aql=&oq=&gs_rfai=&start=0,
499,http://atheism.about.com/od/prophetmuhammadofislam/ig/Muhammad-Drawings-Pictures/,
500,http://twitter.com/MuhammadtheProp,US
501,http://twitter.com/ProphetMuhammad,US
502,http://europenews.dk/en/node/32286,
503,http://www.google.com.pk/search?q=draw+muhammad+day&hl=en&prmd=nvl&source=univ&tbs=vid:1&tbo=u&ei=2-_0S77VIcXE-QbCgv3NCA&sa=X&oi=video_result_group&ct=title&resnum=7&ved=0CDcQqwQwBg,
504,http://en.wikipedia.org/wiki/Jyllands-Posten_Muhammad_cartoons_controversy,US
505,http://imgur.com/1AHlc?full,PA
506,http://libertypundits.net/article/awesome-first-annual-everybody-draw-mohammad-day/,RU
507,http://www.power.com/Pub/Main.aspx?navPublic=true&PowerSite=YOUTUBE,
508,http://mackers-world.com/index.php/weblog/C36/,HK
509,http://www.libertiesalliance.org/2010/04/24/%E2%80%9Ceverybody-draw-mohammed-day%E2%80%9D-%E2%80%93-20-may-2010-join-in-and-protect-freedom-of-expression/,DK
510,http://mackers-world.com/index.php/weblog/C36/,HK
511,http://www.internationalfreepresssociety.org/2010/04/seattle-cartoonist-launches-everybody-draw-mohammed-day/,US
512,http://vodpod.com/watch/3613861-draw-mohammed-day-protests,
513,http://accesstoblockedsites.com/browse.php?u=Oi8vd3d3LmFsbGZyZWVtb3ZpZXMuY29t&b=5&f=norefer,PA
514,http://parazite.pp.fi/mohammed_image_archive/recent/,
515,http://www.indee.info/BRIEFS/06/03MAR/03mar01-18.html,CA
516,http://ironicsurrealism.blogivists.com/2010/03/09/ireland-seven-arrested-over-plot-to-kill-lars-vilks-artist-of-mo-dog-cartoons/,US
517,http://atlasshrugs2000.typepad.com/atlas_shrugs/oic_oppresion_and_submission/,
518,http://www.samizdata.net/blog/archives/2005/12/the_satanic_cartoons.html,
519,http://www.onejerusalem.com/2005/12/26/draw-mohammed-and-win-a-scholarship-to-the-art-college-of-your-choice/,PA
520,http://sheikyermami.com/2007/09/11/new-sheik-yer-mami-songs/,
521,http://www.google.com.pk/images?q=mohhammad%20day%20pics&oe=utf-8&rls=org.mozilla:en-US:official&client=firefox-a&um=1&ie=UTF-8&source=og&sa=N&hl=en&tab=wi,
522,http://www.buzzfeed.com/robertlangdon/the-prophet-muhammad-in-a-bear-suit-express-you,
523,http://www.internationalfreepresssociety.org/,US
524,http://politifi.com/news/May-20-1st-International-Everybody-Draw-Mohammad-Day-585518.html,US
525,http://www.zimbio.com/War+on+Terrorism/articles/6NAIGjWobep/WASHINGTON+POST+Seattle+cartoonist+Molly+Norris,CA
526,http://www.drawmohammed.com/,US
527,http://muhammadgangbang.com/gallery/,
528,http://daveproxy.co.uk/index.php?e=curl_error&return=http%3A%2F%2Fdaveproxy.co.uk%2Fbrowse.php%2F39e0c04952b39b8Oi8vZmFjZWJvb2s_3D%2Fb5%2Ffnorefer%2F&p=YToxOntpOjA7czozMjoiQ291bGRuJ3QgcmVzb2x2ZSBob3N0ICdmYWNlYm9vayciO30=,
529,https://www.rbypass.info/index.php?e=no_hotlink,
530,http://zombietime.com/,
531,http://friendlyatheist.com/2010/05/20/draw-muhammad-day-a-compilation/,US
532,http://www.freerepublic.com/focus/news/2499958/posts,
533,http://www.secularstudents.org/drawingtheprophet,US
534,http://rantwraith.blogspot.com/2006/01/hellfire-muhammad.html,
535,http://www.onejerusalem.com/2005/12/26/draw-mohammed-and-win-a-scholarship-to-the-art-college-of-your-choice/,PA
536,http://wapedia.mobi/en/,GB
537,www.metacafe.com,US
538,www.videovat.com,
539,www.unblockbook.net,CN
540,http://unblock-me.org,US
541,http://stop-block.com,
542,http://kamisiapmembantu.com,
543,http://www.unlock5.com/,
544,http://www.thrivehive.com,US
545,www.jtunnel.com,US
546,http://blockedsiteaccess.com/,
547,https://www.zerobypass.info/,
548,http://www.turbohide.com/,
549,http://www.unblock-me.org/,US
550,http://www.freeproxyserver.ca/,
551,http://freeproxyserver.net/,
552,http://www.daveproxy.co.uk/,
553,http://www.freeproxysite.com,AU
554,http://www.proxyblind.org/,US
555,http://www.unblock7.com/,US
556,http://proxy-tube.info/,
557,http://www.makeuseof.com/,US
558,http://www.canhide.com/,US
559,http://www.bypassglobal.com/,CA
560,http://www.unblock60.com/,
561,http://www.allunblocker.com/,
562,http://www.unblock365.info/,
563,http://www.unblock365.com,US
564,http://www.unblockf.com/,CN
565,http://www.iwantunblock.com,
566,http://www.filternot.info/,
567,http://www.bypassglobal.info,
568,http://www.iwantunblock.info,
569,https://www.chronobypass.info/,SC
570,http://www.feo-online.org/,US
571,http://www.soaleaders.com/,US
572,http://www.satyaboutique.com/,IN
573,http://www.etrmblog.com/,
574,http://www.freefacebookproxies.com/,
575,http://www.gimia.com/,US
576,http://xaiu.info/,
577,http://www.turbohide.com/,
578,www.kproxy.com.,
579,www.unblockbook.net,CN
580,www.freefacebookproxies.com/,
581,www.facebookproxy.org/,
582,www.facebookproxy.co.uk/facebook-proxy.php,
583,www.facebookproxy.co.uk/,
584,www.unblocked.me/facebook.php,KY
585,www.squidoo.com/proxyfacebook,US
586,www.faceoxy.com/,US
587,www.web-proxies.org/list.php/facebook-proxies,US
588,www.launchfacebook.com/,
589,www.6677.info,CN
590,www.mctcp.org,
591,www.transproxy.info,
592,www.777surfer.info,US
593,www.needprivacy.info,
594,www.faan.co.uk,
595,www.iweb365.net,SG
596,www.ProxyBoost.net,
597,www.cloakin.info,
